{"temp1": {"0": 0.5868859888476095, "1": 0.040472783949405726, "2": -0.15422499251653848, "3": 0.9157748136261243, "4": 0.01988209364978063}, "temp2": {"0": 0.5868859888476095, "1": 0.040472783949405726, "2": -0.15422499251653848, "3": 0.9157748136261243, "4": 0.01988209364978063}, "temp3": {"0": 0.5868859888476095, "1": 0.040472783949405726, "2": -0.15422499251653848, "3": 0.9157748136261243, "4": 0.01988209364978063}, "temp4": {"0": 0.5868859888476095, "1": 0.040472783949405726, "2": -0.15422499251653848, "3": 0.9157748136261243, "4": 0.01988209364978063}, "temp5": {"0": 0.5868859888476095, "1": 0.040472783949405726, "2": -0.15422499251653848, "3": 0.9157748136261243, "4": 0.01988209364978063}, "temp6": {"0": 0.5868859888476095, "1": 0.040472783949405726, "2": -0.15422499251653848, "3": 0.9157748136261243, "4": 0.01988209364978063}, "temp7": {"0": 0.5868859888476095, "1": 0.040472783949405726, "2": -0.15422499251653848, "3": 0.9157748136261243, "4": 0.01988209364978063}, "temp8": {"0": 0.5868859888476095, "1": 0.040472783949405726, "2": -0.15422499251653848, "3": 0.9157748136261243, "4": 0.01988209364978063}, "temp9": {"0": 0.5868859888476095, "1": 0.040472783949405726, "2": -0.15422499251653848, "3": 0.9157748136261243, "4": 0.01988209364978063}, "temp10": {"0": 0.5868859888476095, "1": 0.040472783949405726, "2": -0.15422499251653848, "3": 0.9157748136261243, "4": 0.01988209364978063}, "temp11": {"0": 0.5868859888476095, "1": 0.040472783949405726, "2": -0.15422499251653848, "3": 0.9157748136261243, "4": 0.01988209364978063}}