{"temp1": {"0": 0.6245338707789828, "1": -0.3036703625769128, "2": 0.04564822060101937, "3": 0.5653423665933864, "4": 0.004514907832341756}, "temp2": {"0": 0.6245338707789828, "1": -0.3036703625769128, "2": 0.04564822060101937, "3": 0.5653423665933864, "4": 0.004514907832341756}, "temp3": {"0": 0.6245338707789828, "1": -0.3036703625769128, "2": 0.04564822060101937, "3": 0.5653423665933864, "4": 0.004514907832341756}, "temp4": {"0": 0.6245338707789828, "1": -0.3036703625769128, "2": 0.04564822060101937, "3": 0.5653423665933864, "4": 0.004514907832341756}, "temp5": {"0": 0.6245338707789828, "1": -0.3036703625769128, "2": 0.04564822060101937, "3": 0.5653423665933864, "4": 0.004514907832341756}, "temp6": {"0": 0.6245338707789828, "1": -0.3036703625769128, "2": 0.04564822060101937, "3": 0.5653423665933864, "4": 0.004514907832341756}, "temp7": {"0": 0.6245338707789828, "1": -0.3036703625769128, "2": 0.04564822060101937, "3": 0.5653423665933864, "4": 0.004514907832341756}, "temp8": {"0": 0.6245338707789828, "1": -0.3036703625769128, "2": 0.04564822060101937, "3": 0.5653423665933864, "4": 0.004514907832341756}, "temp9": {"0": 0.6245338707789828, "1": -0.3036703625769128, "2": 0.04564822060101937, "3": 0.5653423665933864, "4": 0.004514907832341756}, "temp10": {"0": 0.6245338707789828, "1": -0.3036703625769128, "2": 0.04564822060101937, "3": 0.5653423665933864, "4": 0.004514907832341756}, "temp11": {"0": 0.6245338707789828, "1": -0.3036703625769128, "2": 0.04564822060101937, "3": 0.5653423665933864, "4": 0.004514907832341756}}