{"temp1": {"0": 0.8620584184063194, "1": 0.938063425019443, "2": 0.8384385868042895, "3": 0.25054187041333376, "4": 0.6537892167032657}, "temp2": {"0": 0.8835985548346634, "1": 0.9214112983951797, "2": 0.6521995046125896, "3": 0.5885905298870288, "4": 0.48112150962409905}, "temp3": {"0": 0.7313588650320018, "1": 0.5316997321273285, "2": 0.5953908821663837, "3": 0.007154424599423139, "4": 0.47761565040555654}, "temp4": {"0": 1.1463931272941403, "1": 0.8882046119582371, "2": 0.44795041802371194, "3": 0.5337015571522035, "4": 0.6057631105764439}, "temp5": {"0": 0.8953608105612462, "1": 0.9362006216309198, "2": 0.7241129787314805, "3": 0.8915874650554788, "4": 0.5190796693341422}, "temp6": {"0": 0.8276267610053641, "1": 0.9620768741886425, "2": 0.8409809423410244, "3": 0.9186937774061186, "4": 0.5520552064906002}, "temp7": {"0": 0.6049445084190195, "1": 0.25622719365853086, "2": 0.674675633190772, "3": 0.768620985823249, "4": 0.6623946074281186}, "temp8": {"0": 1.066915441502111, "1": 0.904911188798607, "2": 0.5913374024069071, "3": 0.10631288602053106, "4": 0.5836371871707919}, "temp9": {"0": 0.93505626712053, "1": 0.7131551283566244, "2": 0.8814000121042864, "3": 0.9310326909648768, "4": 0.7132252868669549}, "temp10": {"0": 0.5898254481645941, "1": 0.5443266354433198, "2": 0.9962452422008283, "3": 0.8280621012372514, "4": 0.551976605630046}, "temp11": {"0": 0.7484704929839904, "1": 0.7601969181082218, "2": 1.083738711460201, "3": 0.630353500679212, "4": 0.33363243748589816}}