{"temp1": {"0": 0.9988984185671865, "1": 0.9437011199019549, "2": 1.0489172267303728, "3": 0.7764395347682912, "4": 0.36271714143654454}, "temp2": {"0": 0.9988984185671865, "1": 0.9437011199019549, "2": 1.0489172267303728, "3": 0.7764395347682912, "4": 0.36271714143654454}, "temp3": {"0": 0.9988984185671865, "1": 0.9437011199019549, "2": 1.0489172267303728, "3": 0.7764395347682912, "4": 0.36271714143654454}, "temp4": {"0": 0.9988984185671865, "1": 0.9437011199019549, "2": 1.0489172267303728, "3": 0.7764395347682912, "4": 0.36271714143654454}, "temp5": {"0": 0.9988984185671865, "1": 0.9437011199019549, "2": 1.0489172267303728, "3": 0.7764395347682912, "4": 0.36271714143654454}, "temp6": {"0": 0.9988984185671865, "1": 0.9437011199019549, "2": 1.0489172267303728, "3": 0.7764395347682912, "4": 0.36271714143654454}, "temp7": {"0": 0.9988984185671865, "1": 0.9437011199019549, "2": 1.0489172267303728, "3": 0.7764395347682912, "4": 0.36271714143654454}, "temp8": {"0": 0.9988984185671865, "1": 0.9437011199019549, "2": 1.0489172267303728, "3": 0.7764395347682912, "4": 0.36271714143654454}, "temp9": {"0": 0.9988984185671865, "1": 0.9437011199019549, "2": 1.0489172267303728, "3": 0.7764395347682912, "4": 0.36271714143654454}, "temp10": {"0": 0.9988984185671865, "1": 0.9437011199019549, "2": 1.0489172267303728, "3": 0.7764395347682912, "4": 0.36271714143654454}, "temp11": {"0": 0.9988984185671865, "1": 0.9437011199019549, "2": 1.0489172267303728, "3": 0.7764395347682912, "4": 0.36271714143654454}}