{"temp1": {"0": 1.167137765206161, "1": 0.613181978410407, "2": 1.2450650026597185, "3": 0.8241778491485858, "4": 0.3899740677999021}, "temp2": {"0": 1.1429489272509046, "1": 0.7682580209621059, "2": 1.0448924399341275, "3": 0.871382442573088, "4": 0.15952797256527132}, "temp3": {"0": 0.6468110250285095, "1": 0.23944622026258083, "2": 1.1923981150296132, "3": 0.41716703855199594, "4": 0.37244794398602465}, "temp4": {"0": 1.1573514938240603, "1": 0.5820993930584908, "2": 1.0615581872798616, "3": 0.7615882028614193, "4": 0.7578026564668334}, "temp5": {"0": 0.9910124198202783, "1": 0.40116426444909276, "2": 1.1237046148444554, "3": 0.7650705113511841, "4": 0.3550183256840251}, "temp6": {"0": 1.0536814040106905, "1": 0.5898308774572396, "2": 1.1864499464559901, "3": 0.8110554706993732, "4": 0.3941374836136234}, "temp7": {"0": 0.6099462158905813, "1": 0.3150538995972494, "2": 1.2670202061475453, "3": 0.8481557113873969, "4": 0.3820282424854507}, "temp8": {"0": 1.19501511543039, "1": 0.7900532245667686, "2": 1.159718639716848, "3": 0.7631024037307255, "4": 0.41156324117274534}, "temp9": {"0": 1.0619592517147627, "1": 0.4723792698741765, "2": 1.1050926948724156, "3": 1.0947279057120534, "4": 0.16922043676379692}, "temp10": {"0": 0.3759700281077367, "1": 0.666829483801519, "2": 1.3187638450729833, "3": 0.8741564533514405, "4": 0.5007626048939062}, "temp11": {"0": 0.5334231945190242, "1": 0.2554062954334604, "2": 0.9558810376045204, "3": 0.3856283547668909, "4": 0.4594229436808875}}