{"0": {"0": 1.2183888162528902, "1": 1.149415303462839, "2": 1.087691148849411, "3": 1.177525663828664, "4": 1.4163164173814078, "5": 1.2950823985971622, "6": 1.26394475144944, "7": 1.0514220372148693, "8": 1.2145630053863175, "9": 1.2051310668137427, "10": 1.084822541111828, "11": 1.0279503178108953, "12": 1.236813052322568, "13": 0.8492021774860143, "14": 1.2921773761447448, "15": 1.1385837018024667, "16": 1.1856982827980402, "17": 1.0455117791192958, "18": 1.2339127500000027, "19": 1.2185111464976937}, "1": {"0": 0.8553816326151398, "1": 0.9420119281728545, "2": 0.7898408497452917, "3": 0.37935134663907377, "4": 1.0739882792357918, "5": -0.10756194425357456, "6": 0.4346016669675544, "7": 0.8365307348289279, "8": 0.7114866669556953, "9": 0.8359852264999774, "10": 0.4920307688010514, "11": 0.941073037065198, "12": 0.5877259903196425, "13": 0.7661235252562073, "14": 0.4342967496947484, "15": 1.1006164415963526, "16": -0.16272820209131159, "17": 0.878521162309813, "18": 0.9942584530160662, "19": 0.775102053205498}, "2": {"0": 1.0249996610327656, "1": 0.6972321694218058, "2": 1.1943914114119416, "3": 0.692562729479004, "4": 1.3359950437803176, "5": 0.5073862009816212, "6": 0.6909253602895253, "7": 1.15995421477513, "8": 0.46326780052330124, "9": 0.8937378305439834, "10": 0.8229959315214345, "11": 0.8823257832361867, "12": 1.0794754702562739, "13": 0.9670625356816916, "14": 0.5622590720861125, "15": 0.677937110071986, "16": 0.19999247468040496, "17": 0.822082510343645, "18": 0.8326066782618653, "19": 0.36266890771784055}, "3": {"0": 0.7236310654261587, "1": 0.7356654651376184, "2": 1.1903872531250617, "3": 0.6466447766204164, "4": 1.235376465526677, "5": 0.906274126553472, "6": 0.8668014061635378, "7": 1.0216473462664817, "8": 0.7815169713668517, "9": 0.9549410516634411, "10": 0.9440467779208526, "11": 0.9411252000575226, "12": 1.0025085983694384, "13": 0.8975992222426561, "14": 0.839590568961438, "15": 0.594091537243503, "16": 0.8911461736741824, "17": 0.7167723951117524, "18": 0.8188161466003804, "19": 0.4377256559193118}, "4": {"0": 0.5990485031897409, "1": 0.6714068637301815, "2": 1.1631737950151444, "3": 0.4300088064734563, "4": 1.0807484633410291, "5": 0.728444433582044, "6": 0.5967151799449145, "7": 0.9699216422992344, "8": 0.6764622523800463, "9": 1.0017584512258777, "10": 0.9014876829399008, "11": 0.9651974526786529, "12": 0.9453429085731987, "13": 0.8318776437875482, "14": 0.6902093367385614, "15": 0.5537827970200967, "16": 0.7582517880853172, "17": 0.6479462511409895, "18": 0.5757022345892697, "19": 0.3803179553070429}, "5": {"0": 0.871220599351518, "1": 1.0582848989647022, "2": 1.3139520609331834, "3": 0.8155196422979215, "4": 1.3221400872999771, "5": 0.9451984942539693, "6": 0.9105468943341706, "7": 1.438234522058761, "8": 0.9077463010465836, "9": 1.1736983779082273, "10": 0.8851260733511905, "11": 1.2028879810670807, "12": 0.990269243051717, "13": 1.1613301937896046, "14": 1.2099159497682055, "15": 0.755754650857251, "16": 0.7922075331177535, "17": 1.0890836980923013, "18": 0.8894199254110223, "19": 0.8198236233389656}}