{"temp1": {"0": 0.5990485031897409, "1": 0.6714068637301815, "2": 1.1631737950151444, "3": 0.4300088064734563, "4": 1.0807484633410291, "5": 0.728444433582044, "6": 0.5967151799449145, "7": 0.9699216422992344, "8": 0.6764622523800463, "9": 1.0017584512258777, "10": 0.9014876829399008, "11": 0.9651974526786529, "12": 0.9453429085731987, "13": 0.8318776437875482, "14": 0.6902093367385614, "15": 0.5537827970200967, "16": 0.7582517880853172, "17": 0.6479462511409895, "18": 0.5757022345892697, "19": 0.3803179553070429}, "temp2": {"0": 0.5165489614260299, "1": 0.6141997131591962, "2": 1.2558204830200008, "3": 0.3195518057342596, "4": 1.085944813136749, "5": 0.6351491168006498, "6": 0.48156724495854947, "7": 0.9409978670467799, "8": 0.5937688704144524, "9": 1.0384432796198535, "10": 0.8576356289772351, "11": 0.9009797381938763, "12": 0.8539576566630959, "13": 0.8045660131944413, "14": 0.619059379006087, "15": 0.5190840718699152, "16": 0.6637209690199731, "17": 0.6769517532374608, "18": 0.5767742268934358, "19": 0.4241470866271133}, "temp3": {"0": 0.5425800457422781, "1": 0.5389729441356057, "2": 1.258937457922151, "3": 0.020865742453891768, "4": 0.9988570922077628, "5": 0.24451862086510393, "6": 0.44158565057387833, "7": 0.70134961837719, "8": 0.18831162934032222, "9": 1.2223636391188837, "10": 0.6044390822436191, "11": 0.9361498226970248, "12": 0.7180995861785867, "13": 0.7302839503794452, "14": 0.4403751305777992, "15": 0.27363360348328897, "16": 0.56982856816605, "17": 0.6745865370383084, "18": 0.33662663450263614, "19": 0.556867129491973}, "temp4": {"0": 0.6510283531091388, "1": 0.7188964197089711, "2": 1.0650880241546745, "3": 0.48104356973619483, "4": 1.090780096573657, "5": 0.7459922251431331, "6": 0.45169264059344, "7": 0.8246469637706293, "8": 0.6024287910897457, "9": 0.8599545162999112, "10": 0.6868043901826294, "11": 0.8481896214006647, "12": 0.7930951686568611, "13": 0.6412073786295016, "14": 0.6739372914312708, "15": 0.4598187754688528, "16": 0.8887914357462254, "17": 0.6199992002480732, "18": 0.5674801414124733, "19": 0.3778029393937449}, "temp5": {"0": 0.9895054210858476, "1": 0.8401734241797896, "2": 0.9177221088274742, "3": 0.840196520813888, "4": 1.154905302714655, "5": 1.1189406376931637, "6": 0.7722476978835473, "7": 0.8918495239330705, "8": 0.868311736620069, "9": 0.8138404539177944, "10": 0.6415637054186752, "11": 0.7427171202205354, "12": 0.8685203582901323, "13": 0.7291208584921108, "14": 0.9312178369920336, "15": 0.5808729699704676, "16": 1.3806713477742663, "17": 0.47544191204222114, "18": 0.7474170889029543, "19": 0.40453741775021157}, "temp6": {"0": 0.8909125123289019, "1": 0.7487512242729607, "2": 1.0147710647289583, "3": 0.7314862899865404, "4": 1.1586843213891354, "5": 0.8393994919723062, "6": 0.7748110504907807, "7": 0.9138571467143247, "8": 0.5721634481089002, "9": 0.8854279699379758, "10": 0.6134839113612183, "11": 0.8095865852396023, "12": 0.8935088981883867, "13": 0.7428900170102785, "14": 0.8258569947501844, "15": 0.4085266493012856, "16": 1.1862671983513289, "17": 0.4799152384417512, "18": 0.62869302169438, "19": 0.4349923766644631}, "temp7": {"0": 0.34967858847721517, "1": 0.4634302737271225, "2": 1.101155498168091, "3": 0.21745514480026013, "4": 0.865192890249757, "5": 0.10313506259277753, "6": 0.2208359156532461, "7": 0.42437264014700005, "8": 0.1791638631620387, "9": 0.8598103668091744, "10": 0.7157826884936017, "11": 0.8825760208772079, "12": 0.5920584473275682, "13": 0.9286191046728821, "14": 0.22650631863340823, "15": 0.03375424198351976, "16": 0.40480455257852177, "17": 0.6083736445375875, "18": 0.07475778996668267, "19": 0.04642118939257747}, "temp8": {"0": 0.8254161770407862, "1": 0.8404224796917055, "2": 1.2338943741522461, "3": 0.6348193439956601, "4": 1.1743154406401417, "5": 1.049556095602029, "6": 0.9016557551401224, "7": 1.083028055335932, "8": 0.9229232568305623, "9": 1.1837254875450378, "10": 0.8618071991451385, "11": 1.0853551949975508, "12": 0.9122746001335251, "13": 0.9818212109881581, "14": 0.9899778080131086, "15": 0.6785750477078948, "16": 1.0504770137090318, "17": 0.7029627984023545, "18": 0.8148383578624276, "19": 0.7428423113640429}, "temp9": {"0": 0.6994446985295769, "1": 0.7384750524752982, "2": 1.3182524541195735, "3": 0.2932643313661639, "4": 1.043371005192917, "5": 0.5664796161569426, "6": 0.4547529811572777, "7": 0.622927776862874, "8": 0.5523513976383637, "9": 1.368388524667467, "10": 0.8415778677977312, "11": 0.9821665367905613, "12": 0.7134467363641889, "13": 0.8549466936035062, "14": 0.5801722103237859, "15": 0.5943195089289884, "16": 0.6902329922649477, "17": 1.023429364330191, "18": 0.4353498659712012, "19": 0.5989293325102802}, "temp10": {"0": 0.46643627262254156, "1": 0.40226994916539255, "2": 1.0677808795695207, "3": 0.16050890063158169, "4": 0.9656000461915321, "5": 0.02628696991949745, "6": 0.0005032784052173535, "7": 0.5156103618783696, "8": 0.22973478050611926, "9": 0.5970218377608819, "10": 0.3646647792020731, "11": 0.7882713771940908, "12": 0.5046744223380919, "13": 0.18066711761456697, "14": 0.35460133291672935, "15": 0.45326142745844616, "16": 0.33048209438724835, "17": 0.6207728830571836, "18": 0.4068175097144658, "19": 0.5657656412383525}, "temp11": {"0": 0.7675180318276699, "1": 0.7472438522388509, "2": 0.828312862580309, "3": 0.4168686273069756, "4": 0.8326566711698874, "5": 0.10590929890005098, "6": -0.022617987917210487, "7": 0.4291235279292054, "8": 0.5103200486110087, "9": 0.646778614030531, "10": 0.5362835242797857, "11": 0.675392627607219, "12": 0.4071493828118769, "13": 0.3956833153628716, "14": 0.40633119349242786, "15": 0.635458407763859, "16": 0.5584841419681248, "17": 0.794714672657063, "18": 0.45984266083322156, "19": 0.24681417545255638}}