{"temp1": {"0": 0.6973097940653281, "1": 0.7161906404882316, "2": 0.7262587506258051, "3": 0.5753516779477148, "4": 0.5883735676816193}, "temp2": {"0": 0.6380417927901232, "1": 0.76153891651494, "2": 0.4823233219439905, "3": 0.6796147934048773, "4": 0.5249359284857726}, "temp3": {"0": 0.526830739334173, "1": 0.6381677074285752, "2": 0.4382724747196723, "3": 0.6247362147488852, "4": 0.4291889880253535}, "temp4": {"0": 0.6571533112974566, "1": 0.5382523873979591, "2": 0.36734113973550936, "3": 0.6926390803026279, "4": 0.506632763896542}, "temp5": {"0": 0.7697797690278761, "1": 0.7184686780742054, "2": 0.5897673638382551, "3": 0.7446589271969147, "4": 0.3822477115258905}, "temp6": {"0": 0.6996148984503365, "1": 0.8555235679456379, "2": 0.557613127438477, "3": 0.7457103726224552, "4": 0.4132492406485047}, "temp7": {"0": 0.4263691690025617, "1": 0.3640531398300667, "2": 0.6450763525446751, "3": 0.635424855593478, "4": 0.41847001821573504}, "temp8": {"0": 0.8835565676885099, "1": 0.7449150193768985, "2": 0.4705317846764712, "3": 0.6829442280114368, "4": 0.4705093104906551}, "temp9": {"0": 0.7320277574390526, "1": 0.270907732971357, "2": 0.635379735121305, "3": 0.6118890639630125, "4": 0.6433825610507188}, "temp10": {"0": 0.49245037034174094, "1": 0.1771056308189551, "2": 0.6446082457235965, "3": 0.69898358864895, "4": 0.3437851683409121}, "temp11": {"0": 0.5482461883741784, "1": 1.0580662591076295, "2": 0.8115032709178353, "3": 0.7122816586730926, "4": 0.2315714037257099}}