{"temp1": {"0": 1.2183888162528902, "1": 1.149415303462839, "2": 1.087691148849411, "3": 1.177525663828664, "4": 1.4163164173814078, "5": 1.2950823985971622, "6": 1.26394475144944, "7": 1.0514220372148693, "8": 1.2145630053863175, "9": 1.2051310668137427, "10": 1.084822541111828, "11": 1.0279503178108953, "12": 1.236813052322568, "13": 0.8492021774860143, "14": 1.2921773761447448, "15": 1.1385837018024667, "16": 1.1856982827980402, "17": 1.0455117791192958, "18": 1.2339127500000027, "19": 1.2185111464976937}, "temp2": {"0": 1.0853378066411714, "1": 0.9010622604331263, "2": 1.2870922616015028, "3": 1.2109165765618517, "4": 1.3551520146823806, "5": 1.32929939019638, "6": 1.1852843109101585, "7": 1.1686353477985958, "8": 0.8076340914485503, "9": 1.093693414899261, "10": 1.051167217016259, "11": 1.0027930103512999, "12": 1.2342107498476742, "13": 0.8747045058130719, "14": 1.3336289351988424, "15": 1.0206366972396446, "16": 1.0606982209372366, "17": 1.043784223645748, "18": 1.005573918413763, "19": 1.1309065010819188}, "temp3": {"0": 1.1669763766530812, "1": 0.4181680738317021, "2": 0.4233535657053087, "3": 1.363037470444357, "4": 0.8739863751143749, "5": 0.6564722356270911, "6": 0.4567167840764625, "7": 0.5309601570159286, "8": 0.35611418144969714, "9": 0.5420311359164848, "10": -0.09242134630229705, "11": 0.6543287714140602, "12": 0.7533059750563742, "13": 0.60214050868627, "14": 0.336567487148753, "15": 0.3722330053222867, "16": 0.9819247116691158, "17": 0.28762083557278445, "18": 0.7730869663655694, "19": 1.0057993313931815}, "temp4": {"0": 1.1071017826264573, "1": 1.0472819419591701, "2": 1.3403842344896217, "3": 1.0382814483124652, "4": 1.5043112458006098, "5": 1.4238381018868056, "6": 1.0508521503982533, "7": 1.2197770424396275, "8": 1.0403071570302955, "9": 1.153410520829123, "10": 0.8872682031343228, "11": 1.0744639458833614, "12": 1.2010292089926773, "13": 0.8020044427076674, "14": 1.5118000502637015, "15": 1.2072248922557713, "16": 1.173956014273342, "17": 1.0128809460774477, "18": 1.0923048982766221, "19": 1.1874925608409248}, "temp5": {"0": 1.1026386532258445, "1": 0.9599207565434964, "2": 1.2791559209681864, "3": 0.9233774950123914, "4": 1.3614833700709126, "5": 1.1559104845967225, "6": 1.046693757927999, "7": 1.024839935319404, "8": 1.0363921635108932, "9": 0.9653655428856865, "10": 1.0638453731754465, "11": 0.9771870755721002, "12": 1.1880904268554107, "13": 0.9828079795693851, "14": 1.4526859837747177, "15": 1.0281311446985228, "16": 0.9570523390865292, "17": 0.8114941802574163, "18": 0.9266720392207148, "19": 0.7300758451697971}, "temp6": {"0": 1.2613877355396592, "1": 0.9572707315243716, "2": 1.1557629731783141, "3": 1.1353873808717931, "4": 1.2108317113952092, "5": 1.3672117130606638, "6": 1.2663879617682048, "7": 1.2071918883792665, "8": 1.2195080615005842, "9": 1.1499307549567737, "10": 1.0837459121685178, "11": 1.094656527905938, "12": 1.2293924413172426, "13": 0.9836870529327342, "14": 1.4887226422774238, "15": 1.2436407877926259, "16": 0.9650464690124462, "17": 0.8556480645854893, "18": 1.0289315802759196, "19": 0.8950748729388558}, "temp7": {"0": 0.3308814460102224, "1": 0.5396912126785485, "2": 0.7492803275404113, "3": 0.37037680655749433, "4": 0.891950347981051, "5": -0.19317593831780752, "6": 0.3853332782880414, "7": 0.778923726352035, "8": 0.3988319391564771, "9": 0.691227496979281, "10": 0.6646424952377148, "11": 0.8528250633845725, "12": 0.9423202852495862, "13": 0.8260373934195319, "14": 0.38445087437882686, "15": 0.6320078237438186, "16": -0.17419298448033738, "17": 0.7039406868645524, "18": 0.706907344715062, "19": 0.4984741952488634}, "temp8": {"0": 1.472820224268098, "1": 0.9519931189714741, "2": 1.2592760613147482, "3": 1.1904376895319317, "4": 1.198363014780542, "5": 1.6071631848082522, "6": 0.866396987603062, "7": 1.1898313808743797, "8": 1.145155539801552, "9": 1.167226129010816, "10": 0.9534307440978431, "11": 1.0696618358557255, "12": 1.1460080857364114, "13": 0.8586924487823557, "14": 1.3694887277806953, "15": 1.3269597491636196, "16": 1.2980647058703927, "17": 0.8196788079741166, "18": 1.349903879918506, "19": 1.1561828392690219}, "temp9": {"0": 0.9233559188444029, "1": 0.8571426514490647, "2": 1.3978385658138932, "3": 0.8903742411690445, "4": 1.2408774567262717, "5": 0.8823992158636443, "6": 0.79045901198237, "7": 1.1566551240126854, "8": 0.5688293032618007, "9": 1.3346154892886597, "10": 0.817952274613384, "11": 1.0322510332409165, "12": 1.0409687312963787, "13": 1.1317258901928422, "14": 1.2035917812126402, "15": 1.1077940229111856, "16": 0.7847221657790258, "17": 1.0865858018911896, "18": 0.8564096869366181, "19": 1.1609879581181026}, "temp10": {"0": 0.5076615392246746, "1": 0.34464654431094177, "2": 0.4255167130921817, "3": 0.16082427480055012, "4": 0.5557726517943868, "5": 0.03623298468883851, "6": -0.5143488111149218, "7": 0.11807637191175402, "8": 0.2288567403789077, "9": 0.3491965595124076, "10": 0.09999040624236111, "11": 0.6127607108803128, "12": 0.285814876080786, "13": -0.009967237545950003, "14": 0.009295459695714657, "15": 0.1739217770513582, "16": 0.3523520889917352, "17": 0.41700618234883396, "18": 0.586223397246036, "19": 0.5700410997150935}, "temp11": {"0": 0.24825187586256198, "1": 0.6712910804675923, "2": 0.9655569183892646, "3": -0.1304974127658009, "4": 1.0459741694111655, "5": -0.027688435460230545, "6": 0.5307493636530672, "7": 0.7283600213047362, "8": 0.9376685423448655, "9": 0.32455020379780297, "10": 0.47576140090552727, "11": 0.9071386665335895, "12": 0.5450209912092954, "13": 0.3519064797580458, "14": 1.0499491766553595, "15": 0.6961892520915814, "16": 0.1438838278783486, "17": 0.3218740274575531, "18": 0.6349150296358679, "19": 0.7804787858886425}}