{"temp1": {"0": 0.8553816326151398, "1": 0.9420119281728545, "2": 0.7898408497452917, "3": 0.37935134663907377, "4": 1.0739882792357918, "5": -0.10756194425357456, "6": 0.4346016669675544, "7": 0.8365307348289279, "8": 0.7114866669556953, "9": 0.8359852264999774, "10": 0.4920307688010514, "11": 0.941073037065198, "12": 0.5877259903196425, "13": 0.7661235252562073, "14": 0.4342967496947484, "15": 1.1006164415963526, "16": -0.16272820209131159, "17": 0.878521162309813, "18": 0.9942584530160662, "19": 0.775102053205498}, "temp2": {"0": 0.8553816326151398, "1": 0.9420119281728545, "2": 0.7898408497452917, "3": 0.37935134663907377, "4": 1.0739882792357918, "5": -0.10756194425357456, "6": 0.4346016669675544, "7": 0.8365307348289279, "8": 0.7114866669556953, "9": 0.8359852264999774, "10": 0.4920307688010514, "11": 0.941073037065198, "12": 0.5877259903196425, "13": 0.7661235252562073, "14": 0.4342967496947484, "15": 1.1006164415963526, "16": -0.16272820209131159, "17": 0.878521162309813, "18": 0.9942584530160662, "19": 0.775102053205498}, "temp3": {"0": 0.8553816326151398, "1": 0.9420119281728545, "2": 0.7898408497452917, "3": 0.37935134663907377, "4": 1.0739882792357918, "5": -0.10756194425357456, "6": 0.4346016669675544, "7": 0.8365307348289279, "8": 0.7114866669556953, "9": 0.8359852264999774, "10": 0.4920307688010514, "11": 0.941073037065198, "12": 0.5877259903196425, "13": 0.7661235252562073, "14": 0.4342967496947484, "15": 1.1006164415963526, "16": -0.16272820209131159, "17": 0.878521162309813, "18": 0.9942584530160662, "19": 0.775102053205498}, "temp4": {"0": 0.8553816326151398, "1": 0.9420119281728545, "2": 0.7898408497452917, "3": 0.37935134663907377, "4": 1.0739882792357918, "5": -0.10756194425357456, "6": 0.4346016669675544, "7": 0.8365307348289279, "8": 0.7114866669556953, "9": 0.8359852264999774, "10": 0.4920307688010514, "11": 0.941073037065198, "12": 0.5877259903196425, "13": 0.7661235252562073, "14": 0.4342967496947484, "15": 1.1006164415963526, "16": -0.16272820209131159, "17": 0.878521162309813, "18": 0.9942584530160662, "19": 0.775102053205498}, "temp5": {"0": 0.8553816326151398, "1": 0.9420119281728545, "2": 0.7898408497452917, "3": 0.37935134663907377, "4": 1.0739882792357918, "5": -0.10756194425357456, "6": 0.4346016669675544, "7": 0.8365307348289279, "8": 0.7114866669556953, "9": 0.8359852264999774, "10": 0.4920307688010514, "11": 0.941073037065198, "12": 0.5877259903196425, "13": 0.7661235252562073, "14": 0.4342967496947484, "15": 1.1006164415963526, "16": -0.16272820209131159, "17": 0.878521162309813, "18": 0.9942584530160662, "19": 0.775102053205498}, "temp6": {"0": 0.8553816326151398, "1": 0.9420119281728545, "2": 0.7898408497452917, "3": 0.37935134663907377, "4": 1.0739882792357918, "5": -0.10756194425357456, "6": 0.4346016669675544, "7": 0.8365307348289279, "8": 0.7114866669556953, "9": 0.8359852264999774, "10": 0.4920307688010514, "11": 0.941073037065198, "12": 0.5877259903196425, "13": 0.7661235252562073, "14": 0.4342967496947484, "15": 1.1006164415963526, "16": -0.16272820209131159, "17": 0.878521162309813, "18": 0.9942584530160662, "19": 0.775102053205498}, "temp7": {"0": 0.8553816326151398, "1": 0.9420119281728545, "2": 0.7898408497452917, "3": 0.37935134663907377, "4": 1.0739882792357918, "5": -0.10756194425357456, "6": 0.4346016669675544, "7": 0.8365307348289279, "8": 0.7114866669556953, "9": 0.8359852264999774, "10": 0.4920307688010514, "11": 0.941073037065198, "12": 0.5877259903196425, "13": 0.7661235252562073, "14": 0.4342967496947484, "15": 1.1006164415963526, "16": -0.16272820209131159, "17": 0.878521162309813, "18": 0.9942584530160662, "19": 0.775102053205498}, "temp8": {"0": 0.8553816326151398, "1": 0.9420119281728545, "2": 0.7898408497452917, "3": 0.37935134663907377, "4": 1.0739882792357918, "5": -0.10756194425357456, "6": 0.4346016669675544, "7": 0.8365307348289279, "8": 0.7114866669556953, "9": 0.8359852264999774, "10": 0.4920307688010514, "11": 0.941073037065198, "12": 0.5877259903196425, "13": 0.7661235252562073, "14": 0.4342967496947484, "15": 1.1006164415963526, "16": -0.16272820209131159, "17": 0.878521162309813, "18": 0.9942584530160662, "19": 0.775102053205498}, "temp9": {"0": 0.8553816326151398, "1": 0.9420119281728545, "2": 0.7898408497452917, "3": 0.37935134663907377, "4": 1.0739882792357918, "5": -0.10756194425357456, "6": 0.4346016669675544, "7": 0.8365307348289279, "8": 0.7114866669556953, "9": 0.8359852264999774, "10": 0.4920307688010514, "11": 0.941073037065198, "12": 0.5877259903196425, "13": 0.7661235252562073, "14": 0.4342967496947484, "15": 1.1006164415963526, "16": -0.16272820209131159, "17": 0.878521162309813, "18": 0.9942584530160662, "19": 0.775102053205498}, "temp10": {"0": 0.8553816326151398, "1": 0.9420119281728545, "2": 0.7898408497452917, "3": 0.37935134663907377, "4": 1.0739882792357918, "5": -0.10756194425357456, "6": 0.4346016669675544, "7": 0.8365307348289279, "8": 0.7114866669556953, "9": 0.8359852264999774, "10": 0.4920307688010514, "11": 0.941073037065198, "12": 0.5877259903196425, "13": 0.7661235252562073, "14": 0.4342967496947484, "15": 1.1006164415963526, "16": -0.16272820209131159, "17": 0.878521162309813, "18": 0.9942584530160662, "19": 0.775102053205498}, "temp11": {"0": 0.8553816326151398, "1": 0.9420119281728545, "2": 0.7898408497452917, "3": 0.37935134663907377, "4": 1.0739882792357918, "5": -0.10756194425357456, "6": 0.4346016669675544, "7": 0.8365307348289279, "8": 0.7114866669556953, "9": 0.8359852264999774, "10": 0.4920307688010514, "11": 0.941073037065198, "12": 0.5877259903196425, "13": 0.7661235252562073, "14": 0.4342967496947484, "15": 1.1006164415963526, "16": -0.16272820209131159, "17": 0.878521162309813, "18": 0.9942584530160662, "19": 0.775102053205498}}