{"temp1": {"0": 0.9333309039803412, "1": 0.7172162185504821, "2": 1.2683785663996838, "3": 0.5124438567798357, "4": 1.3139395873111677, "5": 0.3572137331006403, "6": 0.5612173102647714, "7": 1.1439391162110863, "8": 0.522983855749374, "9": 0.8210941166613612, "10": 0.6417161652623002, "11": 0.8639103766989579, "12": 0.9042815630991883, "13": 0.833185021869976, "14": 0.5857613963530481, "15": 0.6671838420511793, "16": 0.24836739430710353, "17": 0.7533510038782, "18": 0.8589660760433101, "19": 0.46748390858399486}, "temp2": {"0": 0.9333309039803412, "1": 0.7172162185504821, "2": 1.2683785663996838, "3": 0.5124438567798357, "4": 1.3139395873111677, "5": 0.3572137331006403, "6": 0.5612173102647714, "7": 1.1439391162110863, "8": 0.522983855749374, "9": 0.8210941166613612, "10": 0.6417161652623002, "11": 0.8639103766989579, "12": 0.9042815630991883, "13": 0.833185021869976, "14": 0.5857613963530481, "15": 0.6671838420511793, "16": 0.24836739430710353, "17": 0.7533510038782, "18": 0.8589660760433101, "19": 0.46748390858399486}, "temp3": {"0": 0.9333309039803412, "1": 0.7172162185504821, "2": 1.2683785663996838, "3": 0.5124438567798357, "4": 1.3139395873111677, "5": 0.3572137331006403, "6": 0.5612173102647714, "7": 1.1439391162110863, "8": 0.522983855749374, "9": 0.8210941166613612, "10": 0.6417161652623002, "11": 0.8639103766989579, "12": 0.9042815630991883, "13": 0.833185021869976, "14": 0.5857613963530481, "15": 0.6671838420511793, "16": 0.24836739430710353, "17": 0.7533510038782, "18": 0.8589660760433101, "19": 0.46748390858399486}, "temp4": {"0": 0.9333309039803412, "1": 0.7172162185504821, "2": 1.2683785663996838, "3": 0.5124438567798357, "4": 1.3139395873111677, "5": 0.3572137331006403, "6": 0.5612173102647714, "7": 1.1439391162110863, "8": 0.522983855749374, "9": 0.8210941166613612, "10": 0.6417161652623002, "11": 0.8639103766989579, "12": 0.9042815630991883, "13": 0.833185021869976, "14": 0.5857613963530481, "15": 0.6671838420511793, "16": 0.24836739430710353, "17": 0.7533510038782, "18": 0.8589660760433101, "19": 0.46748390858399486}, "temp5": {"0": 0.9333309039803412, "1": 0.7172162185504821, "2": 1.2683785663996838, "3": 0.5124438567798357, "4": 1.3139395873111677, "5": 0.3572137331006403, "6": 0.5612173102647714, "7": 1.1439391162110863, "8": 0.522983855749374, "9": 0.8210941166613612, "10": 0.6417161652623002, "11": 0.8639103766989579, "12": 0.9042815630991883, "13": 0.833185021869976, "14": 0.5857613963530481, "15": 0.6671838420511793, "16": 0.24836739430710353, "17": 0.7533510038782, "18": 0.8589660760433101, "19": 0.46748390858399486}, "temp6": {"0": 0.9333309039803412, "1": 0.7172162185504821, "2": 1.2683785663996838, "3": 0.5124438567798357, "4": 1.3139395873111677, "5": 0.3572137331006403, "6": 0.5612173102647714, "7": 1.1439391162110863, "8": 0.522983855749374, "9": 0.8210941166613612, "10": 0.6417161652623002, "11": 0.8639103766989579, "12": 0.9042815630991883, "13": 0.833185021869976, "14": 0.5857613963530481, "15": 0.6671838420511793, "16": 0.24836739430710353, "17": 0.7533510038782, "18": 0.8589660760433101, "19": 0.46748390858399486}, "temp7": {"0": 0.9333309039803412, "1": 0.7172162185504821, "2": 1.2683785663996838, "3": 0.5124438567798357, "4": 1.3139395873111677, "5": 0.3572137331006403, "6": 0.5612173102647714, "7": 1.1439391162110863, "8": 0.522983855749374, "9": 0.8210941166613612, "10": 0.6417161652623002, "11": 0.8639103766989579, "12": 0.9042815630991883, "13": 0.833185021869976, "14": 0.5857613963530481, "15": 0.6671838420511793, "16": 0.24836739430710353, "17": 0.7533510038782, "18": 0.8589660760433101, "19": 0.46748390858399486}, "temp8": {"0": 0.9333309039803412, "1": 0.7172162185504821, "2": 1.2683785663996838, "3": 0.5124438567798357, "4": 1.3139395873111677, "5": 0.3572137331006403, "6": 0.5612173102647714, "7": 1.1439391162110863, "8": 0.522983855749374, "9": 0.8210941166613612, "10": 0.6417161652623002, "11": 0.8639103766989579, "12": 0.9042815630991883, "13": 0.833185021869976, "14": 0.5857613963530481, "15": 0.6671838420511793, "16": 0.24836739430710353, "17": 0.7533510038782, "18": 0.8589660760433101, "19": 0.46748390858399486}, "temp9": {"0": 0.9333309039803412, "1": 0.7172162185504821, "2": 1.2683785663996838, "3": 0.5124438567798357, "4": 1.3139395873111677, "5": 0.3572137331006403, "6": 0.5612173102647714, "7": 1.1439391162110863, "8": 0.522983855749374, "9": 0.8210941166613612, "10": 0.6417161652623002, "11": 0.8639103766989579, "12": 0.9042815630991883, "13": 0.833185021869976, "14": 0.5857613963530481, "15": 0.6671838420511793, "16": 0.24836739430710353, "17": 0.7533510038782, "18": 0.8589660760433101, "19": 0.46748390858399486}, "temp10": {"0": 0.9333309039803412, "1": 0.7172162185504821, "2": 1.2683785663996838, "3": 0.5124438567798357, "4": 1.3139395873111677, "5": 0.3572137331006403, "6": 0.5612173102647714, "7": 1.1439391162110863, "8": 0.522983855749374, "9": 0.8210941166613612, "10": 0.6417161652623002, "11": 0.8639103766989579, "12": 0.9042815630991883, "13": 0.833185021869976, "14": 0.5857613963530481, "15": 0.6671838420511793, "16": 0.24836739430710353, "17": 0.7533510038782, "18": 0.8589660760433101, "19": 0.46748390858399486}, "temp11": {"0": 0.9333309039803412, "1": 0.7172162185504821, "2": 1.2683785663996838, "3": 0.5124438567798357, "4": 1.3139395873111677, "5": 0.3572137331006403, "6": 0.5612173102647714, "7": 1.1439391162110863, "8": 0.522983855749374, "9": 0.8210941166613612, "10": 0.6417161652623002, "11": 0.8639103766989579, "12": 0.9042815630991883, "13": 0.833185021869976, "14": 0.5857613963530481, "15": 0.6671838420511793, "16": 0.24836739430710353, "17": 0.7533510038782, "18": 0.8589660760433101, "19": 0.46748390858399486}}