{"temp1": {"0": 0.82715737727093, "1": 0.8669357083243805, "2": 1.2260823680569828, "3": 0.7808005460154708, "4": 1.192914159325011, "5": 0.9871822553931009, "6": 0.7210586659404039, "7": 1.1103776361608908, "8": 0.7836038677875609, "9": 1.1934771356653568, "10": 1.0182494227270684, "11": 1.003401578359237, "12": 1.0681670087543444, "13": 1.1255392690656965, "14": 0.8459489589255266, "15": 0.7850663110529585, "16": 0.6971930084739035, "17": 0.9310150756840101, "18": 0.6870967592219381, "19": 0.3434783476439827}, "temp2": {"0": 0.6266196193222822, "1": 0.7535363982413533, "2": 1.2385262701320947, "3": 0.7012890353633108, "4": 1.3248977746624613, "5": 0.9728365044000229, "6": 0.945460265561184, "7": 1.1797258064519518, "8": 0.8334506355815201, "9": 1.115977396643085, "10": 0.9728859917780271, "11": 0.9990967280430622, "12": 1.15638947222134, "13": 1.0101928083440543, "14": 0.7889568034239826, "15": 0.6612977618146987, "16": 0.7806796812385313, "17": 0.9216680836719915, "18": 0.8087297220835411, "19": 0.6002173488161295}, "temp3": {"0": 0.5893699948497048, "1": 0.7752293152893326, "2": 0.9095228020438797, "3": 0.5768815794972384, "4": 0.6563129172881331, "5": 1.117591144586323, "6": 0.8140817772666464, "7": 1.0520045347684663, "8": 0.8243086988018061, "9": 0.8719504208801842, "10": 0.9001884339627603, "11": 0.4716750178494203, "12": 0.6938631384627878, "13": 0.8875339078009811, "14": 0.7146704911347682, "15": 1.1248744257459256, "16": 0.6735869804496659, "17": 0.9866349299070584, "18": 0.8757758578016391, "19": 0.5642129473117464}, "temp4": {"0": 1.1201306185978797, "1": 1.2279885176519616, "2": 1.2308111609454624, "3": 0.9446378271181978, "4": 1.2355503357226596, "5": 1.5346651311163781, "6": 0.764375894148805, "7": 1.2853233304183573, "8": 1.2290055292590112, "9": 1.2735821606489035, "10": 0.8061993440979381, "11": 1.0655782904582363, "12": 1.1230536246626002, "13": 0.7596089265991434, "14": 1.2559150837042283, "15": 1.1694507838486818, "16": 1.0825292848769645, "17": 1.310155203121232, "18": 1.0739025117694494, "19": 1.12548516625956}, "temp5": {"0": 1.028277008282521, "1": 0.8917003277883196, "2": 1.1032182721985686, "3": 0.9879524735414376, "4": 1.2155910122505602, "5": 1.223642412628854, "6": 0.9397305386567075, "7": 1.0009856408700997, "8": 0.8805590825300339, "9": 0.8237398503255146, "10": 0.7548962705639729, "11": 0.8482550119181702, "12": 1.0106845370256026, "13": 0.8691272664577747, "14": 1.0298828975500396, "15": 0.5645992367947283, "16": 1.2396406307476762, "17": 0.6988916093324179, "18": 0.8403263882282089, "19": 0.34050337052942525}, "temp6": {"0": 0.9873832865049105, "1": 0.8341623174039028, "2": 1.2315944997971315, "3": 0.9107741845397526, "4": 1.248078932025934, "5": 0.9478776213476907, "6": 0.9143146323005824, "7": 1.016231028815313, "8": 0.6260660054932561, "9": 0.8457822490583174, "10": 0.7800898561808027, "11": 0.9190129398727331, "12": 1.0364422908680406, "13": 0.8713494215519421, "14": 0.9741759704956057, "15": 0.36377325246587766, "16": 1.0996168450455897, "17": 0.6603121044803945, "18": 0.7933071348318526, "19": 0.3791407328392241}, "temp7": {"0": 0.4264167421928002, "1": 0.6021853164074564, "2": 1.172633563006106, "3": 0.3241352624496751, "4": 1.110506377281963, "5": 0.273550068565161, "6": 0.4845295777019912, "7": 0.6552419881695721, "8": 0.4597508822065636, "9": 0.74543281283956, "10": 0.8323782302903582, "11": 0.9879624542767136, "12": 0.7483612949410213, "13": 0.9443772869095199, "14": 0.30498558958871697, "15": 0.06435029830901237, "16": 0.35726737938178144, "17": 0.8192538012674109, "18": 0.4772117053990876, "19": 0.15489981573169284}, "temp8": {"0": 1.2399003706203207, "1": 0.9814178824725617, "2": 1.3529762404557824, "3": 1.0163808587616623, "4": 1.0919274007920685, "5": 1.583749539661556, "6": 0.8662293747476464, "7": 1.2913366971243923, "8": 1.0707159816630591, "9": 1.254386483022006, "10": 0.9746043998229136, "11": 0.9724871103431237, "12": 1.018859903725657, "13": 1.260030831914192, "14": 1.2598980254268044, "15": 1.163352558383707, "16": 1.0835023180577816, "17": 0.8568688696339152, "18": 1.17306816495144, "19": 0.7472581108715858}, "temp9": {"0": 0.8333051496872871, "1": 0.9876594329499211, "2": 1.4165631320538647, "3": 0.5942649916750403, "4": 1.3431843145693823, "5": 0.7452885834948754, "6": 0.595552393653248, "7": 0.9994001654714363, "8": 0.6863737676623811, "9": 1.2396782690673789, "10": 0.8496469248514872, "11": 1.061622311660676, "12": 0.9452272565591007, "13": 0.9373658068997379, "14": 1.0067589446903364, "15": 0.7690853897725233, "16": 0.7611687481814966, "17": 1.1007149413851336, "18": 0.7695793557679863, "19": 0.8656903683881989}, "temp10": {"0": 0.5876771795583524, "1": 0.49840700131988797, "2": 0.9426002059146327, "3": 0.25748376150238134, "4": 1.0990726015293741, "5": 0.37485938444588873, "6": -0.02045287269117433, "7": 0.5684024667695564, "8": 0.6153731535174143, "9": 0.4873624974299829, "10": 0.44597756996680965, "11": 0.8006680573127917, "12": 0.5117944298937444, "13": 0.16467196083746197, "14": 0.4406989666762839, "15": 0.41285301965027105, "16": 0.6287438961156635, "17": 0.4732218165866462, "18": 0.7583934886630245, "19": 0.4683035704877919}, "temp11": {"0": 0.867479486457457, "1": 1.013898788185495, "2": 1.0962305311751315, "3": 0.2686780660445873, "4": 1.2329039317981003, "5": 0.0951057979529853, "6": 0.4190017689813033, "7": 0.6263407755763801, "8": 0.8595254858736723, "9": 0.8189886940460371, "10": 0.7077442745164085, "11": 0.9235973265027378, "12": 0.49753997564520347, "13": 0.5221978076585774, "14": 0.78598829854279, "15": 0.9242467029916717, "16": 0.7420807071486052, "17": 0.8475374715620246, "18": 0.8890501449676322, "19": 0.7641552896895648}}