{"temp1": {"0": 0.871220599351518, "1": 1.0582848989647022, "2": 1.3139520609331834, "3": 0.8155196422979215, "4": 1.3221400872999771, "5": 0.9451984942539693, "6": 0.9105468943341706, "7": 1.438234522058761, "8": 0.9077463010465836, "9": 1.1736983779082273, "10": 0.8851260733511905, "11": 1.2028879810670807, "12": 0.990269243051717, "13": 1.1613301937896046, "14": 1.2099159497682055, "15": 0.755754650857251, "16": 0.7922075331177535, "17": 1.0890836980923013, "18": 0.8894199254110223, "19": 0.8198236233389656}, "temp2": {"0": 0.871220599351518, "1": 1.0582848989647022, "2": 1.3139520609331834, "3": 0.8155196422979215, "4": 1.3221400872999771, "5": 0.9451984942539693, "6": 0.9105468943341706, "7": 1.438234522058761, "8": 0.9077463010465836, "9": 1.1736983779082273, "10": 0.8851260733511905, "11": 1.2028879810670807, "12": 0.990269243051717, "13": 1.1613301937896046, "14": 1.2099159497682055, "15": 0.755754650857251, "16": 0.7922075331177535, "17": 1.0890836980923013, "18": 0.8894199254110223, "19": 0.8198236233389656}, "temp3": {"0": 0.871220599351518, "1": 1.0582848989647022, "2": 1.3139520609331834, "3": 0.8155196422979215, "4": 1.3221400872999771, "5": 0.9451984942539693, "6": 0.9105468943341706, "7": 1.438234522058761, "8": 0.9077463010465836, "9": 1.1736983779082273, "10": 0.8851260733511905, "11": 1.2028879810670807, "12": 0.990269243051717, "13": 1.1613301937896046, "14": 1.2099159497682055, "15": 0.755754650857251, "16": 0.7922075331177535, "17": 1.0890836980923013, "18": 0.8894199254110223, "19": 0.8198236233389656}, "temp4": {"0": 0.871220599351518, "1": 1.0582848989647022, "2": 1.3139520609331834, "3": 0.8155196422979215, "4": 1.3221400872999771, "5": 0.9451984942539693, "6": 0.9105468943341706, "7": 1.438234522058761, "8": 0.9077463010465836, "9": 1.1736983779082273, "10": 0.8851260733511905, "11": 1.2028879810670807, "12": 0.990269243051717, "13": 1.1613301937896046, "14": 1.2099159497682055, "15": 0.755754650857251, "16": 0.7922075331177535, "17": 1.0890836980923013, "18": 0.8894199254110223, "19": 0.8198236233389656}, "temp5": {"0": 0.871220599351518, "1": 1.0582848989647022, "2": 1.3139520609331834, "3": 0.8155196422979215, "4": 1.3221400872999771, "5": 0.9451984942539693, "6": 0.9105468943341706, "7": 1.438234522058761, "8": 0.9077463010465836, "9": 1.1736983779082273, "10": 0.8851260733511905, "11": 1.2028879810670807, "12": 0.990269243051717, "13": 1.1613301937896046, "14": 1.2099159497682055, "15": 0.755754650857251, "16": 0.7922075331177535, "17": 1.0890836980923013, "18": 0.8894199254110223, "19": 0.8198236233389656}, "temp6": {"0": 0.871220599351518, "1": 1.0582848989647022, "2": 1.3139520609331834, "3": 0.8155196422979215, "4": 1.3221400872999771, "5": 0.9451984942539693, "6": 0.9105468943341706, "7": 1.438234522058761, "8": 0.9077463010465836, "9": 1.1736983779082273, "10": 0.8851260733511905, "11": 1.2028879810670807, "12": 0.990269243051717, "13": 1.1613301937896046, "14": 1.2099159497682055, "15": 0.755754650857251, "16": 0.7922075331177535, "17": 1.0890836980923013, "18": 0.8894199254110223, "19": 0.8198236233389656}, "temp7": {"0": 0.871220599351518, "1": 1.0582848989647022, "2": 1.3139520609331834, "3": 0.8155196422979215, "4": 1.3221400872999771, "5": 0.9451984942539693, "6": 0.9105468943341706, "7": 1.438234522058761, "8": 0.9077463010465836, "9": 1.1736983779082273, "10": 0.8851260733511905, "11": 1.2028879810670807, "12": 0.990269243051717, "13": 1.1613301937896046, "14": 1.2099159497682055, "15": 0.755754650857251, "16": 0.7922075331177535, "17": 1.0890836980923013, "18": 0.8894199254110223, "19": 0.8198236233389656}, "temp8": {"0": 0.871220599351518, "1": 1.0582848989647022, "2": 1.3139520609331834, "3": 0.8155196422979215, "4": 1.3221400872999771, "5": 0.9451984942539693, "6": 0.9105468943341706, "7": 1.438234522058761, "8": 0.9077463010465836, "9": 1.1736983779082273, "10": 0.8851260733511905, "11": 1.2028879810670807, "12": 0.990269243051717, "13": 1.1613301937896046, "14": 1.2099159497682055, "15": 0.755754650857251, "16": 0.7922075331177535, "17": 1.0890836980923013, "18": 0.8894199254110223, "19": 0.8198236233389656}, "temp9": {"0": 0.871220599351518, "1": 1.0582848989647022, "2": 1.3139520609331834, "3": 0.8155196422979215, "4": 1.3221400872999771, "5": 0.9451984942539693, "6": 0.9105468943341706, "7": 1.438234522058761, "8": 0.9077463010465836, "9": 1.1736983779082273, "10": 0.8851260733511905, "11": 1.2028879810670807, "12": 0.990269243051717, "13": 1.1613301937896046, "14": 1.2099159497682055, "15": 0.755754650857251, "16": 0.7922075331177535, "17": 1.0890836980923013, "18": 0.8894199254110223, "19": 0.8198236233389656}, "temp10": {"0": 0.871220599351518, "1": 1.0582848989647022, "2": 1.3139520609331834, "3": 0.8155196422979215, "4": 1.3221400872999771, "5": 0.9451984942539693, "6": 0.9105468943341706, "7": 1.438234522058761, "8": 0.9077463010465836, "9": 1.1736983779082273, "10": 0.8851260733511905, "11": 1.2028879810670807, "12": 0.990269243051717, "13": 1.1613301937896046, "14": 1.2099159497682055, "15": 0.755754650857251, "16": 0.7922075331177535, "17": 1.0890836980923013, "18": 0.8894199254110223, "19": 0.8198236233389656}, "temp11": {"0": 0.871220599351518, "1": 1.0582848989647022, "2": 1.3139520609331834, "3": 0.8155196422979215, "4": 1.3221400872999771, "5": 0.9451984942539693, "6": 0.9105468943341706, "7": 1.438234522058761, "8": 0.9077463010465836, "9": 1.1736983779082273, "10": 0.8851260733511905, "11": 1.2028879810670807, "12": 0.990269243051717, "13": 1.1613301937896046, "14": 1.2099159497682055, "15": 0.755754650857251, "16": 0.7922075331177535, "17": 1.0890836980923013, "18": 0.8894199254110223, "19": 0.8198236233389656}}